{
  "asof": "2025-11-19T20:28:36.294779",
  "mode": "",
  "equity": {
    "starting_capital": 500000,
    "current_equity": 508772.80734632694,
    "realized_pnl": 8772.807346326954,
    "unrealized_pnl": 0.0,
    "max_drawdown": 0.0,
    "max_equity": 508772.80734632694,
    "min_equity": 500000
  },
  "overall": {
    "total_trades": 2,
    "win_trades": 2,
    "loss_trades": 0,
    "breakeven_trades": 0,
    "win_rate": 100.0,
    "gross_profit": 8772.807346326954,
    "gross_loss": 0,
    "net_pnl": 8772.807346326954,
    "profit_factor": 0.0,
    "avg_win": 4386.403673163477,
    "avg_loss": 0.0,
    "avg_r_multiple": 0.0,
    "biggest_win": 5000.0,
    "biggest_loss": 3772.807346326954
  },
  "per_strategy": {
    "ema20_50_intraday": {
      "trades": 2,
      "win_trades": 2,
      "loss_trades": 0,
      "gross_profit": 8772.807346326954,
      "gross_loss": 0.0,
      "net_pnl": 8772.807346326954,
      "win_rate": 100.0,
      "profit_factor": 0.0,
      "avg_win": 4386.403673163477,
      "avg_loss": 0.0
    }
  },
  "per_symbol": {
    "NIFTY24DEC24500FUT": {
      "trades": 2,
      "win_trades": 2,
      "loss_trades": 0,
      "gross_profit": 8772.807346326954,
      "gross_loss": 0.0,
      "net_pnl": 8772.807346326954,
      "win_rate": 100.0,
      "profit_factor": 0.0
    }
  }
}